age,annual_income,loan_amount,credit_history_years,number_of_loans,late_payments,debt_to_income,savings,Actual,Predicted,Probability_Good_Credit
28,85695,32449,23,3,0,0.39,29082,1,1,0.998577969582427
54,38093,40751,12,7,6,0.61,48453,0,0,0.02777677963482011
61,99253,39034,16,2,4,0.19,9316,1,1,0.9162459589983101
23,73731,18678,21,3,1,0.71,17726,1,1,0.979772495803971
45,63838,12409,11,5,1,0.1,22623,1,1,0.9929810720970156
50,45605,22452,17,5,2,0.39,37991,1,1,0.9450660899023311
39,113998,17830,18,2,6,0.76,34864,0,0,0.4050144192961118
25,28526,17042,14,6,4,0.19,35074,0,1,0.7599504068479458
29,47734,4895,17,4,4,0.73,17927,0,0,0.4645715422998224
41,76279,6017,23,6,1,0.5,4470,1,1,0.9766342699014208
34,115136,46825,15,0,7,0.38,41965,1,1,0.5731259536999077
34,39384,27183,9,0,3,0.37,28588,1,1,0.9395166094704261
54,73835,21226,7,7,3,0.69,22084,0,0,0.32905913694752864
48,35727,6956,19,1,4,0.33,22225,1,1,0.9102118803274083
56,25151,9866,13,6,8,0.24,7831,0,0,0.015399431681561524
38,48447,49221,24,3,2,0.2,1582,1,1,0.9729009475672019
52,36351,31768,18,4,0,0.36,13555,1,1,0.9885595235242172
41,43537,49562,8,6,2,0.65,35178,1,1,0.5450282447635524
41,105983,44500,22,1,2,0.59,48655,1,1,0.9904250988052463
39,107152,35840,22,7,5,0.22,7689,1,1,0.6121939400548578
55,32289,13312,19,1,7,0.23,10138,0,0,0.28913002908468144
25,67145,40462,1,0,4,0.74,26214,1,0,0.45847866288180705
61,66355,20689,24,1,3,0.6,13619,1,1,0.9195723159036557
44,111376,37944,6,4,4,0.06,15805,0,1,0.8997871762647532
49,58390,37219,1,2,3,0.65,33762,0,1,0.5954384131590343
50,41705,16387,9,3,9,0.66,42977,0,0,0.005311338107178295
56,78011,41454,24,2,6,0.63,20973,1,0,0.24911163944913092
45,61596,27372,19,2,6,0.09,7362,1,1,0.6661957011093715
46,56547,20062,18,6,4,0.43,13762,0,1,0.5237724904458265
55,57279,20845,24,1,4,0.68,28103,0,1,0.7869893372663755
25,112108,30635,13,1,2,0.76,1487,1,1,0.9412649771382724
32,92905,12973,1,7,6,0.51,21022,0,0,0.06487055747603641
54,59862,44222,1,6,4,0.26,37653,0,0,0.40920716144862396
46,97063,8837,11,5,1,0.7,33615,1,1,0.9643188098178157
50,92083,16616,6,4,0,0.59,34969,1,1,0.9889937283304773
37,109179,49788,18,1,3,0.23,48898,1,1,0.9924735273620606
42,33223,47351,16,3,0,0.58,20606,1,1,0.9731440875927507
22,57961,30453,24,3,4,0.4,6038,1,1,0.823999223480532
40,40263,29869,22,3,5,0.28,48717,0,1,0.7963085496247294
21,97303,25776,12,5,4,0.1,46822,1,1,0.957897003959755
45,101276,34369,9,5,6,0.66,43013,0,0,0.11445698661173874
46,46398,8509,21,5,0,0.13,21717,1,1,0.9981374192132534
36,36073,37517,19,5,7,0.31,13161,0,0,0.06218094453042069
49,48386,49111,10,7,3,0.34,41962,0,1,0.6138909453159999
22,81315,48151,1,6,8,0.43,5459,0,0,0.005148345798146627
41,97190,13737,2,6,0,0.31,9835,1,1,0.9883749713971058
31,33649,27416,22,1,6,0.35,17227,1,0,0.4990740006105108
30,71072,32049,18,4,2,0.35,15555,1,1,0.9674850873133309
32,87249,44998,8,4,4,0.29,9899,1,1,0.6803774041028458
26,26016,2691,9,7,7,0.12,43364,0,0,0.13479028942878243
29,111471,10252,8,7,1,0.7,24265,1,1,0.9339085070479902
58,32973,22566,1,3,6,0.29,33944,0,0,0.15149291365615317
59,34014,22208,20,1,8,0.67,12076,0,0,0.019520587778791513
45,91770,3757,5,6,6,0.15,14535,0,0,0.34612455933015684
31,77165,35418,6,3,7,0.76,42216,0,0,0.03319896918350702
57,106553,49664,9,3,5,0.05,36129,1,1,0.849187049911946
47,27346,20642,6,4,6,0.08,42787,0,0,0.37376081289035407
31,98073,4591,16,0,4,0.12,3552,1,1,0.9866479906300154
26,34237,19600,11,2,1,0.71,41627,1,1,0.9638801303431854
55,46082,21233,6,0,4,0.78,36682,1,0,0.48121501131494315
59,64101,21190,17,0,6,0.79,18866,0,0,0.1778821068229173
32,43227,21874,11,7,3,0.65,32281,0,0,0.41837173475693823
49,112333,32391,21,6,1,0.4,26673,1,1,0.9894113727021355
56,115756,48287,1,7,3,0.13,41435,1,1,0.8690515187716086
26,43592,46314,6,4,8,0.72,17689,0,0,0.0026799861982824166
31,34288,25741,22,0,5,0.15,41777,1,1,0.9446107191131371
30,48911,27991,8,7,8,0.53,43516,0,0,0.007422584438009746
29,26244,22435,2,0,2,0.21,4185,1,1,0.9650271914715188
51,64659,21873,15,0,9,0.4,15967,0,0,0.04545157081682204
26,20336,19889,1,2,9,0.3,31417,0,0,0.012583888197180109
50,67678,43185,24,3,6,0.57,14147,0,0,0.18426866649871732
38,55051,32698,23,0,8,0.41,24654,0,0,0.17532896939281511
34,38878,22884,20,3,5,0.75,43273,0,0,0.3244777658753268
47,53631,49118,16,6,4,0.12,15551,1,1,0.6545549819189938
21,97222,8953,2,2,6,0.33,46852,0,1,0.6739085860639543
38,23075,29230,15,1,5,0.14,5508,0,1,0.6992046482169936
48,109598,21296,12,0,4,0.13,38430,1,1,0.988331223388304
44,113028,38738,3,4,2,0.14,11967,1,1,0.9737834919842631
26,95487,12848,4,2,3,0.71,37903,0,1,0.8722759567570676
28,64486,28293,18,4,5,0.22,43973,1,1,0.821155169207615
45,46179,37060,9,2,2,0.78,12665,0,1,0.679018132129977
52,112880,42695,15,2,6,0.76,17605,1,0,0.15252313659848116
31,73220,41613,24,3,0,0.3,4021,1,1,0.9974341657428805
44,118252,41169,5,6,9,0.56,29511,0,0,0.004304759181271345
52,97623,32009,15,2,4,0.64,39563,0,1,0.789233773888367
56,22437,38218,16,0,5,0.35,19916,0,1,0.5623801707747208
64,51937,33135,8,3,8,0.34,46109,0,0,0.04042245602343899
59,77518,10112,14,2,2,0.57,22211,1,1,0.9615239743484882
23,73621,14748,10,2,6,0.72,32286,0,0,0.21146516388831202
46,40852,3961,20,1,7,0.74,23025,0,0,0.09460125958122638
37,70893,3134,12,7,1,0.71,43319,1,1,0.9337359627621088
58,96860,18848,10,2,4,0.75,49290,1,1,0.7150203384187972
63,89975,36574,5,5,8,0.57,35055,0,0,0.00946305878428705
32,94708,46757,19,2,0,0.24,4492,1,1,0.9984692493841801
30,73568,9347,11,7,5,0.45,20791,0,0,0.2814948315776571
30,82046,12345,2,1,0,0.42,43103,1,1,0.9981236100605351
51,44421,49133,8,1,7,0.76,49326,0,0,0.0280425935088096
49,75906,4642,20,1,8,0.27,32321,0,0,0.38964476942219034
43,47165,20263,15,0,9,0.64,19088,0,0,0.014834644708422917
25,55991,37959,22,1,8,0.3,6469,0,0,0.13726020507610656
40,111814,16586,4,0,1,0.45,41730,1,1,0.9972454848317387
23,95949,14306,22,3,6,0.61,28849,0,1,0.503131503751763
56,119604,9697,13,7,5,0.08,12694,1,1,0.7562704341653407
62,88119,45764,19,3,1,0.54,6837,1,1,0.9684667734031946
45,35858,28762,9,3,8,0.59,16168,0,0,0.007796267949353328
49,49852,21212,17,4,9,0.24,39529,0,0,0.03875722519741671
36,43279,21071,22,3,0,0.47,17593,1,1,0.9947346175287892
21,34052,8989,10,5,9,0.79,24831,0,0,0.0016016934649971085
58,85065,16334,18,0,5,0.7,13892,0,1,0.5840139738128012
43,114035,47283,1,4,0,0.32,47814,1,1,0.9956592535662258
55,96815,29491,16,1,0,0.39,24106,1,1,0.9985640850337016
43,83697,26527,15,4,5,0.1,6818,1,1,0.7631921347471575
45,24471,46769,2,0,8,0.65,18506,0,0,0.005739173356481984
25,43121,48220,6,2,1,0.54,18193,1,1,0.9354154038402503
24,37715,17810,5,4,2,0.42,17677,1,1,0.880221014091126
36,118969,32908,1,4,6,0.32,16955,0,0,0.27707047317104255
22,25190,32096,23,5,5,0.63,34021,0,0,0.23430100467183332
56,111300,8474,12,6,7,0.76,19824,0,0,0.027839311622453577
51,108536,18901,3,1,8,0.77,41256,0,0,0.03469223384003076
24,109369,11497,6,2,1,0.42,36104,1,1,0.9964280976944899
61,100035,35783,21,1,2,0.41,25055,1,1,0.990340855096387
23,42226,14297,10,5,3,0.58,6467,1,1,0.5522393600982984
57,119529,45463,5,7,0,0.23,38683,1,1,0.9924281517841366
47,57532,28536,13,5,4,0.8,44331,0,0,0.2718780889611168
31,20096,39158,11,0,3,0.54,45791,1,1,0.8783410946860456
52,19898,34001,18,5,3,0.41,42840,1,1,0.7633119887468082
58,55772,14948,8,4,5,0.13,45706,1,1,0.7340638443068385
54,40740,3424,22,2,2,0.06,11385,1,1,0.9948190958452494
36,118689,25620,21,2,5,0.28,2537,0,1,0.8928181831739493
41,25967,20908,17,6,9,0.4,17176,0,0,0.004422905478204392
49,23498,15780,2,2,2,0.36,16945,1,1,0.8969373299971226
62,62864,5748,5,3,0,0.67,27498,1,1,0.9779226178355783
28,59869,5558,5,2,6,0.69,20297,0,0,0.12640097657353971
33,64857,18753,18,3,4,0.71,44822,0,1,0.7189056384442808
40,58461,10712,17,6,6,0.67,11495,0,0,0.056998307329755575
37,19140,16011,2,7,6,0.16,6606,0,0,0.0518889960186081
58,25597,3273,23,1,5,0.31,35223,1,1,0.8500239940565404
23,64733,21539,7,3,0,0.36,9490,1,1,0.9933795732758394
37,94449,7552,10,7,4,0.75,24573,1,0,0.29966461440148917
53,74154,29128,16,6,1,0.08,22242,1,1,0.9917026411033107
60,102246,27613,19,2,9,0.61,38456,0,0,0.034114829735082064
31,41554,14205,13,6,7,0.09,17136,0,0,0.14706398504856885
22,77889,3116,21,0,5,0.57,4676,1,1,0.8152450816335641
28,109736,15379,13,3,7,0.68,40991,0,0,0.18309203052618492
34,100594,47896,19,1,3,0.75,38190,1,1,0.9152100646103803
45,44189,4093,10,1,4,0.06,45337,1,1,0.9744550365694676
54,79516,41763,21,7,6,0.59,39123,0,0,0.08978988054242018
55,58846,7710,4,5,8,0.3,25965,0,0,0.026086006920745277
40,54751,17954,13,3,5,0.66,16491,0,0,0.24244384474845665
40,25295,48830,15,7,9,0.35,5420,0,0,0.0014285526553964774
22,102754,35078,10,7,1,0.13,8351,1,1,0.9861058760137991
41,83677,34464,2,0,1,0.61,47281,1,1,0.986294993324852
59,21726,10682,9,3,5,0.53,49214,1,0,0.31593192204245113
37,70870,33831,17,2,2,0.46,32809,1,1,0.9777507412507769
58,103751,8838,22,1,6,0.22,20691,1,1,0.8807272192546594
28,26259,26685,20,3,9,0.66,16704,0,0,0.004900059781160371
38,100379,42091,11,1,8,0.4,45844,0,0,0.17448690433306596
40,115239,10397,8,5,2,0.1,18972,1,1,0.990769830228816
63,38219,5783,4,5,6,0.31,7234,1,0,0.07712186270234038
43,71352,31240,13,4,4,0.16,2117,1,1,0.7955576418387679
25,53585,22466,23,2,8,0.07,37019,1,0,0.4752624983806011
26,49007,45361,13,0,0,0.16,19395,1,1,0.9987382575852354
59,56333,15699,17,0,8,0.25,40119,0,0,0.31403356405123484
42,40420,20990,3,7,3,0.53,43219,0,0,0.43236663176165596
34,45364,20211,1,5,8,0.57,41363,0,0,0.007400602220020141
40,50117,17417,5,3,5,0.38,18540,0,0,0.37276533275064133
36,47725,40506,13,3,6,0.26,5642,1,0,0.22045561054109847
46,23410,22789,21,1,2,0.67,37269,1,1,0.9453981432532595
64,62199,2336,1,3,0,0.34,35896,1,1,0.9943268308068238
43,48116,12680,12,7,2,0.27,34861,1,1,0.9322498089457175
31,92085,11673,2,7,5,0.59,45960,1,0,0.21286943798976954
49,19125,16282,15,1,7,0.25,16720,0,0,0.20644557960123552
34,51787,31345,10,0,5,0.09,32246,1,1,0.8994524837219401
64,97973,44736,16,4,1,0.35,6267,1,1,0.9795578055363154
25,111059,34854,24,0,0,0.43,28097,1,1,0.9996162213737453
47,22426,48489,24,6,8,0.61,37395,0,0,0.006282038228398059
28,54378,7451,6,4,1,0.41,21909,1,1,0.9762177323506704
55,72575,34766,11,7,3,0.43,5878,1,0,0.49571887250174546
53,46454,30430,10,1,5,0.07,20227,1,1,0.7957017625107764
34,107881,27027,12,4,3,0.25,42251,1,1,0.976704188057682
30,23439,4994,16,4,9,0.29,16949,0,0,0.01927327991135015
45,95067,48778,1,7,7,0.06,24741,0,0,0.07183164244727376
42,30605,49288,4,3,4,0.24,22718,0,1,0.5164428697353592
29,77871,48525,24,5,4,0.41,45054,1,1,0.8383383955909663
22,85904,8009,22,0,4,0.69,35079,1,1,0.9435623194887099
48,33848,30820,14,3,8,0.79,48274,0,0,0.008809908048233889
25,118240,8511,24,3,8,0.75,4590,1,0,0.07170188838759091
35,119665,13382,4,3,0,0.16,37516,1,1,0.9993624351949418
40,118368,33301,22,6,5,0.38,7703,1,1,0.5852435483832025
44,67416,23188,4,7,0,0.68,10057,0,1,0.8673573871501022
34,45516,21288,24,7,4,0.15,46989,1,1,0.8899007515744289
32,98758,20852,15,5,9,0.26,36675,0,0,0.06161951971523705
60,31467,41954,13,2,9,0.21,43340,0,0,0.028335396236040707
22,23782,14251,11,1,8,0.11,37950,1,0,0.25008604793466377
54,86910,27966,20,0,6,0.12,43560,1,1,0.9227014310582102
62,43235,43938,15,6,4,0.48,13921,0,0,0.21726771096931066
40,112397,47814,22,1,0,0.61,48981,1,1,0.9987346723367401
60,40785,19888,16,6,2,0.27,1573,1,1,0.8762314786196549
50,19651,43458,16,0,4,0.34,35981,0,1,0.8326292700072906
50,36474,34172,5,3,6,0.57,13700,0,0,0.03869083148573273
32,81671,21094,20,1,2,0.15,2675,1,1,0.9958821661243894
38,55711,34510,1,0,1,0.76,26266,1,1,0.9301784891809362
42,73533,2869,21,4,5,0.73,4390,0,0,0.30076155498262547
22,75326,2489,4,4,8,0.47,21265,0,0,0.03488559712095157
44,40746,24439,13,5,8,0.34,4012,0,0,0.0142911786135954
58,26894,7307,16,3,4,0.69,4311,1,0,0.3069174167573792
56,111583,31100,13,6,6,0.79,5785,0,0,0.03234664100699694
37,37539,36485,19,6,6,0.8,38898,0,0,0.02961625520586619
48,102092,43988,23,2,2,0.75,683,1,1,0.9185622234472016
52,89274,28671,14,5,7,0.79,14829,0,0,0.015949897338499282
48,50602,38484,14,6,4,0.4,25305,0,0,0.42106941929661457
25,113457,6138,9,0,5,0.36,38044,1,1,0.9467149697956351
38,27885,46254,19,4,4,0.41,45639,1,1,0.6592597922981653
23,25368,47541,10,2,1,0.45,16175,1,1,0.9529584177275395
22,107963,15675,8,1,3,0.06,36735,1,1,0.9960222553281068
32,19431,44581,16,0,8,0.08,32133,0,0,0.21741782879582025
46,99437,38020,7,0,7,0.58,29146,0,0,0.1579777578697604
45,36745,28946,9,6,6,0.41,12569,0,0,0.04411554872181716
33,76342,22922,18,5,1,0.09,7366,1,1,0.9949221377853557
37,32567,30018,17,1,3,0.58,10360,1,1,0.8057144910486198
62,94272,3361,16,7,9,0.71,9928,0,0,0.002616186615602071
48,95454,8476,24,7,9,0.75,43534,0,0,0.00913781722443851
38,97151,25926,18,4,3,0.07,29374,1,1,0.9880092525789835
47,41952,5255,17,0,0,0.29,19514,1,1,0.9989747485500119
22,92619,30202,17,0,5,0.17,33670,1,1,0.9641137069361306
59,43426,25852,10,4,3,0.62,22332,1,1,0.5186172119193649
32,102328,21493,9,1,3,0.62,18713,1,1,0.9173519302201628
52,99942,45427,9,3,8,0.26,47119,0,0,0.12256678163607371
22,99816,14226,21,1,2,0.75,12954,1,1,0.9784217088926105
54,78614,16209,14,7,7,0.3,38748,0,0,0.11330592349457708
32,96405,28212,8,3,6,0.6,48522,1,0,0.2952125243308289
64,111977,29045,10,6,5,0.13,8576,0,1,0.5703074657878253
32,109012,28500,17,4,2,0.48,29889,1,1,0.9790837581571316
30,76394,43247,24,4,6,0.28,19322,1,0,0.4888281940957781
22,32484,45798,13,2,8,0.36,30027,0,0,0.044268055344271334
34,112754,48799,19,3,8,0.22,29035,0,0,0.24309345396142837
32,51361,17950,3,4,0,0.57,38197,1,1,0.9799754208462851
22,37201,30783,15,0,8,0.18,13377,0,0,0.1860104477582675
29,55643,28149,3,6,6,0.22,31919,0,0,0.15860333158085796
21,116117,44351,19,1,0,0.28,1408,1,1,0.9992096923749381
31,113673,18654,2,7,5,0.29,18215,0,0,0.39689297072612395
60,96021,21996,16,2,7,0.42,21846,1,0,0.2565608682163648
28,30866,37170,1,1,9,0.66,14147,0,0,0.0020353265037910007
46,25016,37699,17,6,9,0.46,35559,0,0,0.003381811816160154
22,36313,34828,22,0,9,0.16,16445,0,0,0.12394235163333596
64,45810,47487,16,2,4,0.76,46038,0,0,0.4000246613905797
62,70188,3538,4,6,1,0.61,11183,1,1,0.8540481350052546
44,38538,14427,7,5,5,0.45,46562,0,0,0.29331229732506486
30,52228,37179,16,1,5,0.25,34372,1,1,0.8284480474903647
49,116668,46476,4,6,6,0.2,15255,0,0,0.19456563738818308
32,95576,36464,12,0,5,0.53,11250,1,1,0.6592490374975719
22,79944,11486,8,7,7,0.39,5528,0,0,0.04180649303251157
46,65701,33781,1,3,2,0.17,42713,1,1,0.9736088377400838
39,117983,8614,11,3,7,0.46,13607,0,0,0.23795896837814684
49,79049,6917,12,1,8,0.67,27976,0,0,0.055734938610535516
32,41291,22306,12,1,2,0.48,44843,1,1,0.9763941080914017
54,24012,33279,24,1,6,0.56,33543,0,0,0.27525885292380287
43,45723,34430,10,0,4,0.56,46020,1,1,0.773212785690686
56,99623,35340,19,0,8,0.44,49397,1,0,0.30214884881217374
57,36058,9031,23,5,5,0.59,2011,0,0,0.18456924466526767
33,79588,28400,10,4,2,0.17,45323,1,1,0.9890322800769222
53,83087,20814,9,7,7,0.57,7561,0,0,0.01327042013821576
35,86576,3196,12,0,6,0.14,27908,1,1,0.9023132071611342
41,76929,14158,17,0,8,0.49,4402,0,0,0.11675707369974848
46,62857,47800,18,1,4,0.78,33261,1,1,0.5504196565086096
40,64738,27517,12,3,0,0.55,36048,1,1,0.9920806985337097
50,41429,25749,4,4,1,0.73,37193,1,1,0.8392724382443753
55,56392,11940,21,4,2,0.45,14932,1,1,0.9535489402255828
28,77766,29356,13,2,2,0.15,13611,1,1,0.991171329629564
44,100302,21309,18,0,1,0.4,24940,1,1,0.998235183064657
32,19307,47925,19,7,5,0.3,20873,1,0,0.17092108281531965
60,105969,15288,22,1,9,0.35,35883,1,0,0.19660162438653614
35,35508,6922,8,6,3,0.33,9073,0,1,0.6836053983648974
53,109245,35872,1,1,3,0.42,36056,1,1,0.9355006852856547
52,86008,35467,19,2,9,0.3,8250,0,0,0.043747670325029395
44,34920,35276,16,2,3,0.37,26021,1,1,0.8947440091315052
21,94256,32954,9,3,1,0.39,39615,1,1,0.9934383843725018
49,96610,27500,1,3,3,0.67,9819,1,1,0.5798908366317231
36,118859,34764,10,5,5,0.64,22108,1,0,0.28301387979470877
38,54575,28177,12,1,5,0.11,30508,1,1,0.8751708136684241
51,92965,22671,13,3,0,0.42,49849,1,1,0.998119048737391
21,67815,25199,3,2,8,0.71,20329,0,0,0.012051170173869558
36,28634,28049,10,4,7,0.39,43097,0,0,0.06952117673667772
22,25421,21149,6,2,6,0.14,16660,1,0,0.3839383926177348
55,79929,46582,15,6,7,0.71,9059,0,0,0.008444638087714566
61,35625,36681,22,7,3,0.08,13838,1,1,0.8403362607599408
49,47689,33417,22,3,9,0.06,49312,0,0,0.1383916393294478
42,27752,45469,3,2,0,0.14,17734,1,1,0.9916279157776362
21,39447,25470,21,6,0,0.11,17729,1,1,0.9968457037937196
39,64169,26368,9,4,0,0.21,8722,1,1,0.9941971609741034
60,89675,8305,8,1,4,0.57,28412,1,1,0.8126782643162958
51,92658,38182,23,1,1,0.3,27493,1,1,0.998096687424469
27,30237,33976,3,1,0,0.8,14388,1,1,0.9342821260279547
31,35709,11949,17,4,1,0.65,34594,1,1,0.963555960079505
54,48795,30378,17,1,4,0.23,40379,1,1,0.9365707465507714
46,49910,17514,13,3,7,0.56,25951,0,0,0.0634938437060316
26,94021,39707,22,2,8,0.32,38576,0,0,0.2985702200843155
38,47055,26123,22,0,8,0.51,41331,0,0,0.15921619977056128
33,103376,37440,19,5,4,0.14,23527,1,1,0.9317380940487487
47,93774,32209,12,4,4,0.26,15007,1,1,0.817706658971183
38,115912,27275,14,5,0,0.21,22055,1,1,0.998374488639146
55,117853,45526,2,6,3,0.21,20468,0,1,0.8272644954339909
44,116746,12988,18,4,7,0.12,42221,1,1,0.7227112447981048
56,62695,36484,4,0,3,0.35,43654,1,1,0.9421677760619508
43,109878,48694,22,5,2,0.06,16316,1,1,0.9919081772967496
60,96213,27675,2,0,6,0.4,5360,0,0,0.3134569617506117
45,99442,28514,2,2,8,0.57,40843,1,0,0.04013367902810201
58,88971,9214,14,7,1,0.07,14172,1,1,0.9919193965706753
62,25461,5924,11,6,8,0.44,23257,0,0,0.008313049095128774
57,110493,27159,7,3,9,0.59,37506,0,0,0.013991374819862594
28,102761,48999,10,6,7,0.3,13199,0,0,0.07176003392673125
33,37810,47226,2,3,6,0.47,41849,0,0,0.08423547094041497
38,68124,5178,23,3,4,0.41,31132,1,1,0.9280517796208583
33,56244,38071,9,5,0,0.55,3555,1,1,0.9479363786309751
49,113665,29772,17,2,1,0.21,37219,1,1,0.9987928641293103
34,85843,43258,23,2,6,0.38,38369,0,1,0.6641666530524905
35,84624,39663,7,1,7,0.47,38676,0,0,0.1855571382237832
60,59323,34252,21,3,1,0.3,10610,1,1,0.9882661498297484
28,93939,41486,9,0,3,0.14,3892,1,1,0.9805585446232278
60,93868,39842,23,4,0,0.76,10466,1,1,0.9780687244792434
51,103371,4032,15,6,7,0.07,46083,1,1,0.564370252286413
35,81918,48550,24,4,8,0.35,12546,0,0,0.0671331485385751
61,38567,29172,24,7,1,0.76,16540,0,1,0.7688096816581118
43,28487,12066,19,7,9,0.37,3340,0,0,0.003736696787920944
35,59160,49101,6,4,0,0.68,17875,1,1,0.9298854254869838
64,79035,44933,13,0,4,0.21,10568,0,1,0.9044177507536495
61,56975,26000,24,7,8,0.46,10463,0,0,0.011829980894012009
37,33038,32607,19,3,8,0.45,47752,0,0,0.055310393304453226
38,20454,36217,10,1,0,0.57,45680,1,1,0.9891243501812699
32,49897,25799,23,2,8,0.44,48961,0,0,0.1625626241154801
58,52051,49861,5,6,8,0.13,30683,0,0,0.016185992967610655
56,67812,49893,2,3,7,0.1,42035,0,0,0.16826794791410057
56,51691,27525,17,3,6,0.54,11723,0,0,0.12622166053399658
27,77659,40225,12,4,8,0.75,29230,0,0,0.009836385632924598
43,46669,25501,5,6,9,0.28,26241,0,0,0.0050913571113434305
56,94295,39525,2,0,6,0.57,4882,0,0,0.14537733729730082
62,60417,18567,21,2,8,0.72,24004,0,0,0.026997583552076692
45,32571,12103,6,1,6,0.45,9691,0,0,0.16867804834849542
62,87252,13254,12,7,8,0.33,13805,0,0,0.02162685528346857
48,35622,5164,7,2,3,0.5,30694,1,1,0.8417499721166868
34,73147,9352,22,0,1,0.5,48336,1,1,0.9986644417190532
60,29205,11306,10,7,5,0.31,39933,1,0,0.23606002910621904
36,63671,2320,21,4,3,0.41,25676,1,1,0.9521440041779821
34,97473,30901,4,5,6,0.31,19695,0,0,0.2147967344788029
48,66689,22411,23,0,2,0.73,4293,1,1,0.9555745547986685
39,52964,20485,15,6,0,0.49,36500,1,1,0.9862465535386045
42,79240,34528,19,4,4,0.31,40222,1,1,0.8920341142728502
52,110961,34088,22,6,1,0.38,18265,1,1,0.987860055573757
50,62789,36393,19,5,8,0.43,21084,0,0,0.023507229933874
29,36230,42460,21,7,0,0.08,44222,1,1,0.9965064882183315
45,102742,18103,7,1,8,0.33,17902,0,0,0.15312663211133623
35,35611,19387,5,1,5,0.58,45249,1,0,0.4137959227108826
56,99532,3987,14,3,1,0.53,24829,1,1,0.9911836039760235
55,93388,6967,13,5,8,0.15,4869,0,0,0.10121166511224994
61,81133,12014,6,1,9,0.1,4389,0,0,0.06981233119449282
28,19381,6887,23,1,3,0.39,23725,1,1,0.9659000820408068
24,114774,21477,4,1,8,0.75,21646,0,0,0.03756856257969092
53,73677,9619,12,2,7,0.66,22162,0,0,0.0808740898832238
47,28503,20279,11,6,2,0.43,11408,1,1,0.7444000467499939
42,67733,39405,6,0,1,0.54,23495,1,1,0.9799920503396949
42,59627,13618,13,0,2,0.6,49737,1,1,0.9840473242746961
41,49010,40870,16,2,2,0.13,49285,1,1,0.9927508971392885
47,48254,39275,7,0,6,0.77,46391,0,0,0.11498716061246995
51,65377,17790,1,3,2,0.75,38350,0,1,0.783187896687946
56,46795,18999,1,1,0,0.7,4371,1,1,0.9520105064813033
64,38644,46764,7,5,6,0.57,36525,0,0,0.02667363518114903
45,40031,29877,9,1,5,0.63,37621,1,0,0.32573523589347003
38,115798,32835,6,5,6,0.48,16458,1,0,0.15208835788285238
48,52773,17972,6,0,4,0.21,29043,1,1,0.9228499307337755
30,82641,42505,16,1,9,0.73,18459,0,0,0.010663521766726938
45,55226,33349,9,5,6,0.54,6039,0,0,0.0385459853911156
24,48090,11788,21,0,8,0.24,40036,1,0,0.47442944156829103
48,28805,7103,19,4,4,0.38,10835,1,1,0.6720416752358181
23,59424,32013,15,7,1,0.7,4623,1,1,0.7905794858954592
29,29556,33433,14,6,4,0.13,16852,0,1,0.6458318922380124
50,38131,35575,5,0,8,0.46,12248,0,0,0.02107140978345486
49,49822,38432,3,2,1,0.64,37172,1,1,0.9254951991816249
22,86673,37740,18,1,7,0.76,32422,0,0,0.13404526882359766
36,104710,17408,17,0,3,0.77,37822,0,1,0.9601824765654037
60,40614,24547,12,0,9,0.12,8802,0,0,0.056057262535036366
45,54976,24908,6,4,7,0.43,35133,0,0,0.057755618796469406
55,77474,20919,5,4,5,0.64,17779,0,0,0.1488975065564429
55,25896,5764,2,6,1,0.71,32999,0,1,0.7169395777459434
35,74622,42863,13,7,4,0.48,38905,0,0,0.4399859955596282
60,24530,26476,1,6,5,0.66,4157,0,0,0.014213747045034768
62,85055,25527,14,2,9,0.41,8433,0,0,0.021251490430808404
40,111718,39292,12,2,0,0.64,25510,1,1,0.9941285904008852
44,95714,25989,22,1,9,0.51,40210,0,0,0.09774867305948162
53,89363,12295,1,4,3,0.05,4867,1,1,0.9369418507563131
41,101375,24523,3,1,4,0.35,13147,1,1,0.8582143011358594
51,85628,35769,11,6,2,0.21,5021,1,1,0.9264035639491258
55,56067,24412,15,0,5,0.51,21343,1,1,0.610987511509314
39,76712,27069,11,0,2,0.59,24788,1,1,0.970667726005335
43,44649,29413,9,3,5,0.3,38809,0,1,0.5459937481768617
61,66688,48806,23,4,4,0.12,37630,1,1,0.9155365793420235
22,58785,38487,14,6,6,0.43,42376,0,0,0.16291649624043153
45,29390,5907,15,1,3,0.37,38496,1,1,0.9612877674716911
55,83061,40578,11,5,0,0.24,22722,1,1,0.9933054380016891
30,115909,36716,5,7,3,0.64,18474,1,1,0.5011934440345105
56,61732,38289,10,2,9,0.76,18781,0,0,0.002448973864860151
